url_from,url_to,distance,path
Dwayne Johnson,Chris Hemsworth,2,Dwayne Johnson -> Jumanji: The Next Level -> Karen Gillan -> Avengers: Endgame -> Chris Hemsworth
Dwayne Johnson,Robert Downey Jr.,2,Dwayne Johnson -> Jumanji: The Next Level -> Karen Gillan -> Avengers: Endgame -> Robert Downey Jr.
Dwayne Johnson,Akshay Kumar,4,Dwayne Johnson -> Fast & Furious Presents: Hobbs & Shaw -> Jason Statham -> The Meg -> Winston Chao -> Kabali -> Radhika Apte -> Pad Man -> Akshay Kumar
Dwayne Johnson,Jackie Chan,3,Dwayne Johnson -> Fast & Furious Presents: Hobbs & Shaw -> Jason Statham -> The Meg -> Winston Chao -> Skiptrace -> Jackie Chan
Dwayne Johnson,Bradley Cooper,2,Dwayne Johnson -> Jumanji: The Next Level -> Karen Gillan -> Avengers: Endgame -> Bradley Cooper
Dwayne Johnson,Adam Sandler,3,Dwayne Johnson -> Skyscraper -> Neve Campbell -> Walter -> Milo Ventimiglia -> Sandy Wexler -> Adam Sandler
Dwayne Johnson,Scarlett Johansson,2,Dwayne Johnson -> Jumanji: The Next Level -> Karen Gillan -> Avengers: Endgame -> Scarlett Johansson
Dwayne Johnson,Sofía Vergara,3,Dwayne Johnson -> Jumanji: The Next Level -> Alex Wolff -> Bad Education -> Ray Romano -> Grilled -> Sofía Vergara
Dwayne Johnson,Chris Evans,2,Dwayne Johnson -> Jumanji: The Next Level -> Karen Gillan -> Avengers: Endgame -> Chris Evans
Chris Hemsworth,Robert Downey Jr.,1,Chris Hemsworth -> Avengers: Endgame -> Robert Downey Jr.
Chris Hemsworth,Akshay Kumar,3,Chris Hemsworth -> Extraction -> Shivam Vichare -> After the Wedding -> Swini Khara -> Pad Man -> Akshay Kumar
Chris Hemsworth,Jackie Chan,2,Chris Hemsworth -> 12 Strong -> Michael Peña -> The Lego Ninjago Movie -> Jackie Chan
Chris Hemsworth,Bradley Cooper,1,Chris Hemsworth -> Avengers: Endgame -> Bradley Cooper
Chris Hemsworth,Adam Sandler,2,Chris Hemsworth -> Men in Black: International -> Emma Thompson -> The Meyerowitz Stories -> Adam Sandler
Chris Hemsworth,Scarlett Johansson,1,Chris Hemsworth -> Avengers: Endgame -> Scarlett Johansson
Chris Hemsworth,Sofía Vergara,2,Chris Hemsworth -> Thor: Ragnarok -> Karl Urban -> Bent -> Sofía Vergara
Chris Hemsworth,Chris Evans,1,Chris Hemsworth -> Avengers: Endgame -> Chris Evans
Robert Downey Jr.,Akshay Kumar,4,Robert Downey Jr. -> Avengers: Endgame -> Chris Hemsworth -> Extraction -> Shivam Vichare -> After the Wedding -> Swini Khara -> Pad Man -> Akshay Kumar
Robert Downey Jr.,Jackie Chan,2,Robert Downey Jr. -> Dolittle -> Kumail Nanjiani -> The Lego Ninjago Movie -> Jackie Chan
Robert Downey Jr.,Bradley Cooper,1,Robert Downey Jr. -> Avengers: Endgame -> Bradley Cooper
Robert Downey Jr.,Adam Sandler,2,Robert Downey Jr. -> Dolittle -> Emma Thompson -> The Meyerowitz Stories -> Adam Sandler
Robert Downey Jr.,Scarlett Johansson,1,Robert Downey Jr. -> Avengers: Endgame -> Scarlett Johansson
Robert Downey Jr.,Sofía Vergara,3,Robert Downey Jr. -> Avengers: Endgame -> Chris Evans -> Gifted -> John Finn -> Bent -> Sofía Vergara
Robert Downey Jr.,Chris Evans,1,Robert Downey Jr. -> Avengers: Endgame -> Chris Evans
Akshay Kumar,Jackie Chan,3,Akshay Kumar -> Pad Man -> Radhika Apte -> Kabali -> Winston Chao -> Skiptrace -> Jackie Chan
Akshay Kumar,Bradley Cooper,4,Akshay Kumar -> Pad Man -> Swini Khara -> After the Wedding -> Shivam Vichare -> Extraction -> Chris Hemsworth -> Avengers: Endgame -> Bradley Cooper
Akshay Kumar,Adam Sandler,4,Akshay Kumar -> Mission Mangal -> Kirti Kulhari -> The Girl on the Train -> Hiten Patel -> Twist -> David Walliams -> Murder Mystery -> Adam Sandler
Akshay Kumar,Scarlett Johansson,4,Akshay Kumar -> Pad Man -> Swini Khara -> After the Wedding -> Shivam Vichare -> Extraction -> Chris Hemsworth -> Avengers: Endgame -> Scarlett Johansson
Akshay Kumar,Sofía Vergara,4,Akshay Kumar -> Pad Man -> Swini Khara -> M.S. Dhoni: The Untold Story -> Anupam Kher -> The Big Sick -> Ray Romano -> Grilled -> Sofía Vergara
Akshay Kumar,Chris Evans,4,Akshay Kumar -> Pad Man -> Swini Khara -> After the Wedding -> Shivam Vichare -> Extraction -> Chris Hemsworth -> Avengers: Endgame -> Chris Evans
Jackie Chan,Bradley Cooper,2,Jackie Chan -> The Lego Ninjago Movie -> Michael Peña -> The Mule -> Bradley Cooper
Jackie Chan,Adam Sandler,3,Jackie Chan -> The Lego Ninjago Movie -> Kumail Nanjiani -> Dolittle -> Emma Thompson -> The Meyerowitz Stories -> Adam Sandler
Jackie Chan,Scarlett Johansson,3,Jackie Chan -> The Lego Ninjago Movie -> Michael Peña -> Dora and the Lost City of Gold -> Benicio Del Toro -> Avengers: Infinity War -> Scarlett Johansson
Jackie Chan,Sofía Vergara,3,Jackie Chan -> The Lego Ninjago Movie -> Michael Peña -> Fantasy Island -> Kim Coates -> Grilled -> Sofía Vergara
Jackie Chan,Chris Evans,3,Jackie Chan -> Skiptrace -> Johnny Knoxville -> Weightless -> Alessandro Nivola -> The Red Sea Diving Resort -> Chris Evans
Bradley Cooper,Adam Sandler,2,Bradley Cooper -> Avengers: Infinity War -> Peter Dinklage -> Pixels -> Adam Sandler
Bradley Cooper,Scarlett Johansson,1,Bradley Cooper -> Avengers: Endgame -> Scarlett Johansson
Bradley Cooper,Sofía Vergara,2,Bradley Cooper -> Burnt -> Uma Thurman -> The Con is On -> Sofía Vergara
Bradley Cooper,Chris Evans,1,Bradley Cooper -> Avengers: Endgame -> Chris Evans
Adam Sandler,Scarlett Johansson,2,Adam Sandler -> Sandy Wexler -> Jennifer Hudson -> Sing -> Scarlett Johansson
Adam Sandler,Sofía Vergara,2,Adam Sandler -> Sandy Wexler -> Kevin James -> Grilled -> Sofía Vergara
Adam Sandler,Chris Evans,2,Adam Sandler -> Pixels -> Michelle Monaghan -> Playing It Cool -> Chris Evans
Scarlett Johansson,Sofía Vergara,3,Scarlett Johansson -> Avengers: Endgame -> Chris Evans -> Gifted -> John Finn -> Bent -> Sofía Vergara
Scarlett Johansson,Chris Evans,1,Scarlett Johansson -> Avengers: Endgame -> Chris Evans
Sofía Vergara,Chris Evans,2,Sofía Vergara -> Bent -> John Finn -> Gifted -> Chris Evans
